id,description
12,"When Shadows Dream is a haunting psychological novel that explores the fragile boundary between dreams and reality. The story follows a protagonist whose nightmares begin to influence waking life in unsettling ways. As memories resurface, the line between fear and truth slowly dissolves."
11,"Celestial Tides is set against a vast cosmic backdrop, weaving together destiny, love, and unseen forces. The novel follows characters whose lives are shaped by events far beyond their understanding. It reflects on choice, connection, and the rhythm of the universe."
10,"The Library of Hollow Roads tells the story of a mysterious library that appears only to those who are lost. Each hidden road within offers a path toward forgotten truths. The novel blends fantasy with themes of regret, courage, and self-discovery."
9,"The Last Ember follows a world on the brink of collapse where one remaining source of power may determine humanity’s fate. A reluctant hero is forced to confront sacrifice and leadership. It is a tense story about hope surviving against overwhelming odds."
8,"Songs for the Silent Moon is a lyrical novel about voices long ignored and emotions left unspoken. Set in a secluded coastal town, it explores grief, healing, and the quiet power of music. The story unfolds gently through moments of transformation."
7,"Glass Wings is a story of ambition and vulnerability centered on a character striving for freedom. As dreams begin to take shape, the cost of reaching too high becomes clear. The novel explores resilience and the fragility of hope."
6,"Broken Visions is a fast-paced thriller driven by fractured memories and hidden conspiracies. The protagonist must piece together distorted visions to uncover the truth. The story challenges perception and questions the reliability of reality."
5,"Children of the Clockwork Sun takes place in a world powered by machinery and artificial daylight. A group of children begin to question the system that controls their lives. Their discoveries threaten to reshape society itself."
4,"Beneath Crimson Snow is set in a frozen land marked by political tension and buried secrets. As hidden truths emerge, characters must choose between loyalty and conscience. The novel blends atmosphere with emotional depth."
3,"Ash and Honey is a reflective novel about loss, renewal, and healing. Through interconnected lives, it explores how hardship can transform into strength. The story focuses on resilience and human connection."
22,"Tides of Time: A Brief History of Earth traces the major forces that have shaped the planet over billions of years. From geological change to human civilization, it connects natural history with human development. The book offers a clear and engaging overview."
23,"The Language of Trees explores forests as living systems that communicate and adapt. Blending science and storytelling, it reveals the hidden networks beneath the forest floor. The book encourages a deeper appreciation of nature."
21,"The Memory Architect examines how memories are formed, altered, and preserved. Drawing from neuroscience and psychology, it questions the reliability of personal history. The book challenges readers to rethink identity and memory."
20,"Beyond the Algorithm explores the influence of automated systems on creativity and decision-making. It highlights both benefits and risks of algorithmic control. The book questions where human judgment still matters."
19,"Blueprints of Civilization examines how infrastructure and planning shape societies. From ancient engineering to modern cities, it connects design with power and culture. The book highlights how built environments influence progress."
18,"Hidden Currents: Ocean Mysteries Explained reveals lesser-known processes shaping the world’s oceans. It explains marine science in an accessible way. The book shows how hidden currents influence climate and ecosystems."
16,"Unwired Minds explores the psychological effects of constant digital connectivity. It examines why disconnection can benefit mental health and focus. The book offers insight into balance and emotional well-being."
15,"Winds of Change: A Climate Story presents climate change through personal stories and scientific insight. It connects environmental shifts with human experience. The book emphasizes responsibility and collective action."
14,"The Art of Stillness is a reflective guide to slowing down in a fast-paced world. It explores mindfulness, rest, and intentional living. The book encourages clarity through simplicity."
17,"The Atlas of Forgotten Places documents remote and abandoned locations with historical context. Each chapter uncovers stories tied to places lost to time. The book blends travel writing with history."
13,"Whissers of the Forgotten Realms is a fantasy novel set in ancient lands filled with dormant magic. As forgotten realms awaken, long-buried conflicts resurface. The story explores legacy, power, and hidden truths."
