id,title,author
12,When Shadows Dream,Julian Kade
11,Celestial Tides,Elara Vance
10,The Library of Hollow Roads,Selene Carter
9,The Last Ember,Marisa Ellington
8,Songs for the Silent Moon,Liora Vale
7,Glass Wings,Rowan Hale
6,Broken Visions,K.C. Sterling
5,Children of the Clockwork Sun,Mira Delune
4,Beneath Crimson Snow,Rowan Tarell
3,Ash and Honey,Elara Vance
22,Tides of Time: A Brief History of Earth,Philip Renner
23,The Language of Trees,Rowan Cale
21,The Memory Architect,Dr. Nia Lorne
20,Beyond the Algorithm,Ada Solen
19,Blueprints of Civilization,Henry Doss
18,Hidden Currents: Ocean Mysteries Explained,Marina Cross
16,Unwired Minds: The Psychology of Disconnection,Dr. Isla Vernon
15,Winds of Change: A Climate Story,Samuel Trent
14,The Art of Stillness,Leona Graye
17,The Atlas of Forgotten Places,Corin Hale
13,Whissers of the Forgotten Realms,Lena Avers
